var_name;ref_name;comment
BEN_AMA_COD;-;
BEN_CDI_NIR;-;
BEN_CMU_CAT;-;
BEN_CMU_ORG;-;
BEN_CMU_TOP;-;
BEN_DCD_AME;-;
BEN_DCD_DTE;-;
BEN_EHP_TOP;-;
BEN_IAT_CAT;-;
BEN_NAI_ANN;-;
BEN_PAI_CMU;-;
BEN_NIR_PSA;-;
BEN_RNG_GEM;-;
BEN_QAF_COD;-;
BEN_RES_COM;-;
BEN_RES_DPT;-;
BEN_SEX_COD;-;
ORG_AFF_BEN;-;
PRS_REJ_TOP;-;
EXE_SOI_AMD;-;
EXE_SOI_AMF;-;
EXE_SOI_DTD;-;
EXE_SOI_DTF;-;
PRE_PRE_AMD;-;
PRE_PRE_DTD;-;
PRS_GRS_DTD;-;
PRS_HOS_AMD;-;
PRS_HOS_DTD;-;
BSE_REM_BSE;-;
BSE_REM_MNT;-;
BSE_REM_PRU;-;
BSE_REM_SGN;-;
CPL_REM_BSE;-;
CPL_REM_MNT;-;
CPL_REM_PRU;-;
CPL_REM_SGN;-;
PRS_ACT_CFT;-;
PRS_ACT_COG;-;
PRS_ACT_NBR;-;
PRS_ACT_QTE;-;
PRS_DEP_MNT;-;
PRS_ETA_RAC;-;
PRS_PAI_MNT;-;
RGO_MOD_MNT;-;
ORB_BSE_NUM;-;
ORL_BSE_NUM;-;
RGM_COD;-;
RGM_GRG_COD;-;
ACC_TIE_IND;-;
BSE_FJH_TYP;-;
BSE_PRS_NAT;-;
CPL_AFF_COD;-;
CPL_ANO_COD;-;
CPL_FJH_TYP;-;
CPL_MAJ_TOP;IR_CPL_MAJ_TOP;
CPL_PRS_NAT;-;
DPN_QLF;-;
DRG_MOD;-;
DRG_NAT;-;
EXE_LIE_COD;-;
EXO_MTF;-;
IJR_EMP_NUM;-;
IJR_RVL_NAT;-;
MTM_NAT;-;
ORG_CLE_NEW;-;
PRE_REN_COD;-;
PRS_CRD_OPT;-;
PRS_DPN_QLP;-;
PRS_NAT_REF;-;
PRS_OPS_TRF;-;
PRS_PDS_QCP;-;
PRS_PDS_QTP;-;
PRS_PPF_COD;-;
PRS_PRE_MTT;-;
PRS_REF_KIN;-;
PRS_TOP_ENP;-;
PRS_TYP_KIN;-;
RGO_ASU_NAT;-;
RGO_ENV_TYP;-;
RGO_FTA_COD;-;
RGO_MIN_TAU;-;
RGO_REM_TAU;-;
RGO_THE_TAU;-;
ETB_PRE_FIN;-;
PFS_EXE_NUM;-;
PFS_EXE_NUMC;-;
PFS_PRE_NUM;-;
PFS_PRE_NUMC;-;
PRS_MTT_NUM;-;
PRS_MTT_NUMC;-;
PSE_ACT_NAT;-;
PSE_CNV_COD;-;
PSE_REF_ADH;-;
PSE_SPE_COD;-;
PSE_STJ_COD;-;
PSP_ACT_NAT;-;
PSP_CNV_COD;-;
PSP_PPS_NUM;-;
PSP_PPS_NUMC;-;
PSP_REF_ADH;-;
PSP_SPE_COD;-;
PSP_STJ_COD;-;
PSP_SVI_PPS;-;
DCT_ORD_NUM;-;
FLX_DIS_DTD;-;
FLX_EMT_NUM;-;
FLX_EMT_ORD;-;
FLX_EMT_TYP;-;
FLX_TRT_DTD;-;
ORG_CLE_NUM;-;
PRS_ORD_NUM;-;
REM_TYP_AFF;-;
DCT_ARC_DTE;-;
DCT_ARR_DTE;-;
DCT_CTL_COD;-;
DCT_LOT_TCR;-;
DCT_CTL_TYP;-;
DCT_EMT_IDT;-;
DCT_ENT_SUP;-;
DCT_INT_VER;-;
DCT_MAN_DTD;-;
DCT_MUT_CMP;-;
DCT_MVT_SYS;-;
DCT_REM_DTD;-;
DCT_RGU_SNS;-;
PRS_ANO_COD;-;
PRS_ANO_COM;-;
PRS_ANO_DEF;-;
PRS_ANO_DON;-;
PRS_ANO_ORI;-;
PRS_ENT_COD;-;
PRS_ENT_NUM;-;
CAM_ACT_COD;-;
CAM_ACT_PRU;-;
CAM_ASS_COD;-;
CAM_CAB_IND;-;
CAM_DOC_EXT;-;
CAM_MOD_COD;-;
CAM_ORD_NUM;-;
CAM_PRS_IDE;IR_CCAM_V54;Telecharge depuis le site de l'atih en novembre et pr�process� 
CAM_QUA_DEN;-;
CAM_REM_BSE;-;
CAM_REM_COD;-;
CAM_TRT_PHA;-;
CPT_DEP_PER;-;
CPT_EXC_RTC;-;
CPT_MIR_NUM;-;
CPT_MVT_MNT;-;
CPT_MVT_SGN;-;
CPT_MVT_SNS;-;
CPT_ORD_NUM;-;
CPT_TRM_RGM;-;
CPT_VEN_TYP;-;
GES_CPT_COD;-;
GES_GRG_COD;-;
PHA_ACT_PRU;-;
PHA_ACT_QSN;-;
PHA_CPA_PCP ;-;
PHA_DEC_PRU ;-;
PHA_DEC_QSU ;-;
PHA_DEC_TOP ;-;
PHA_IDE_CPL;-;
PHA_MOD_PRN ;-;
PHA_ORD_NUM;-;
PHA_PRS_C13;-;
PHA_PRS_IDE;-;
PHA_SEQ_RNV;-;
PHA_SUB_MTF;-;
LOT_ORD_NUM;-;
LOT_PHA_NUM;-;
LOT_PHA_QSN;-;
LOT_PHA_TOP;-;
LOT_SER_NUM;-;
BIO_ACT_QSN;-;
BIO_ORD_NUM;-;
BIO_PRS_IDE;-;
LPP_ECT_MNT;-;
LPP_ECU_MNT;-;
TIP_ACL_DTD;-;
TIP_ACL_DTF;-;
TIP_ACT_PRU;-;
TIP_ACT_QSN;-;
TIP_ORD_NUM;-;
TIP_PRS_IDE;-;
TIP_PRS_TYP;-;
TIP_PUB_PRX;-;
TIP_SIR_NUM;-;
TRS_ACT_PRU;-;
TRS_ACT_QSN;-;
TRS_ORD_NUM;-;
TRS_PRS_IDE;-;
TRS_TRS_MTF;-;
ITR_ORD_NUM;-;
TRS_ACP_NOM;-;
TRS_ACP_NOMC;-;
TRS_CDR_NOM;-;
TRS_CDR_NOMC;-;
TRS_ARR_CDP;-;
TRS_DEP_CDP;-;
TRS_TRP_HRA;-;
TRS_TRP_HRD;-;
TRS_VEH_NUM;-;
TRS_VEH_NUMC;-;
UCD_ACH_PRU;-;
UCD_CAL_PRU;-;
UCD_DLV_NBR;-;
UCD_ECT_MNT;-;
UCD_ECU_MNT;-;
UCD_FAC_PRU;-;
UCD_FRC_COE;-;
UCD_LGN_NUM;-;
UCD_MAR_MNT;-;
UCD_ORD_NUM;-;
UCD_RCT_COU;-;
UCD_TOP_UCD;-;
UCD_TTF_MNT;-;
UCD_UCD_COD;-;
ARO_ASU_NAT;-;
ARO_CPL_COD;-;
ARO_ENV_TYP;-;
ARO_FJH_TYP;-;
ARO_FTA_COD;-;
ARO_MIN_TAU;-;
ARO_MOD_MNT;-;
ARO_ORD_NUM;-;
ARO_PRS_NAT;-;
ARO_REM_BSE;-;
ARO_REM_MNT;-;
ARO_REM_PRU;-;
ARO_REM_SGN;-;
ARO_REM_TAU;-;
ARO_REM_TYP;-;
ARO_THE_TAU;-;
INV_ATR_DTD;-;
INV_PEN_CAT;-;
INV_PEN_ETA;-;
ATT_NAT;-;
BEN_RAT_ANO;-;
RAT_IPP_DTE;-;
RAT_IPP_TAU;-;
DDP_COD;-;
ETB_EXE_FIN;-;
ETE_CAT_COD;-;
ETE_ETA_TRF;-;
ETE_GHS_NUM;-;
ETE_IND_TAA;-;
ETE_MCO_COE;-;
ETE_MCO_DDP;-;
ETE_NAT_FSJ;-;
ETE_STJ_COD;-;
ETE_TYP_COD;-;
MDT_COD;-;
MFT_COD;-;
PRS_PPU_SEC;-;
BEN_NIR_ANO;-;
BEN_IDT_ANO;-;
BEN_IDT_TOP;-;
ASS_NIR_ANO;-;
BEN_IDT_MAJ;-;
BEN_NAI_MOI;-;
BEN_TOP_CNS;-;
MAX_TRT_DTD;-;
BEN_DTE_INS;-;
BEN_DTE_MAJ;-;
AR1_ASU_NAT;-;
AR1_REM_BSE;-;
AR1_REM_MNT;-;
AR1_REM_TYP;-;
AR2_ASU_NAT;-;
AR2_REM_BSE;-;
AR2_REM_MNT;-;
AR2_REM_TYP;-;
AR3_ASU_NAT;-;
AR3_REM_BSE;-;
AR3_REM_MNT;-;
AR3_REM_TYP;-;
ASS_PAF_MNT;-;
BEN_CTA_TYP;-;
CAI_AFF_COD;-;
CAI_LIQ_COD;-;
CLE_DCI_JNT;-;
CPM_REM_BSE;-;
CPM_REM_MNT;-;
DRG_AFF_NAT;-;
DRT_ACS_TOP;-;
ETE_DPT_COD;-;
ETP_DPT_COD;-;
EXE_CTX_BEN;-;
EXE_CTX_PFS;-;
EXE_INS_DPT;-;
GRG_AFF_COD;-;
GRG_LIQ_COD;-;
PRE_INS_DPT;-;
PRS_DIS_PRE;-;
PRS_DRA_AME;-;
PSE_ACT_SPE;-;
PSP_ACT_SPE;-;
SLM_AFF_COD;-;
TOT_REM_BSE;-;
TOT_REM_MNT;-;
BIO_SEQ_NUM;-;
CAM_SEQ_NUM;-;
CAM_GRI_TAR;-;
CAM_ACT_QSN;-;
INV_SEQ_NUM;-;
TIP_SEQ_NUM;-;
PHA_SEQ_NUM;-;
PHA_DEC_TOP;-;
PHA_MOD_PRN;-;
PHA_ACT_QSC;-;
PHA_DEC_QSD ;-;
RAT_SEQ_NUM;-;
DTR_SEQ_NUM;-;
TRS_SEQ_NUM;-;
TRS_DTD_DTE;-;
TRS_DTD_AMD;-;
TRS_DTF_DTE;-;
TRS_DTF_AMF;-;
UCD_SEQ_NUM;-;
IMB_ALD_DTD;-;
IMB_ALD_DTF;-;
IMB_ALD_NUM;-;
IMB_ETM_NAT;-;
IMB_MLP_BTR;-;
IMB_MLP_TAB;-;
IMB_SDR_LOP;-;
INS_DTE;-;
MED_MTF_COD;-;
MED_NCL_IDT;-;
UPD_DTE;-;
id_carto;-;
ben_sex_cod;-;
ben_nai_ann;-;
age;-;
cla_age_ct;-;
cla_age_5;-;
old_cod_reg;-;
new_cod_reg;-;
dpt;-;
regime;-;
source;-;
cmu;-;
ben_dcd_dte;-;
dcd_3112;-;
ben_acs_top;-;
ben_aah_top;-;
top_CvIDM_aig;-;
top_CvCoron_chr;-;
sup_CvIDMCor_cat;-;
top_CvAVC_aig;-;
top_CvAVC_seq;-;
sup_CvAVC_cat;-;
top_CvIC_aig;-;
top_CvIC_chr;-;
sup_CvIC_cat;-;
top_CvAOMI_ind;-;
top_CvTrRyC_ind;-;
top_CvValve_ind;-;
top_CvEmbol_aig;-;
top_CvAutre_ind;-;
sup_Cvaig_cat;-;
sup_Cvchr_cat;-;
sup_Cv_cat;-;
top_FAntiHTA_med;-;
sup_FAntiHTA_med_nnexclu;-;
top_FHypoLi_med;-;
sup_FHypoLi_med_nnexclu;-;
sup_FRV_cat;-;
sup_FRV_cat_nnexclu;-;
top_FDiabet_ind;-;
sup_FInsul_ind;-;
sup_FInsulNO_ind;-;
sup_FRVDiab_cat;-;
top_CanSeiF_act;-;
top_CanSeiF_sur;-;
sup_CanSeiF_cat;-;
top_CanColo_act;-;
top_CanColo_sur;-;
sup_CanColo_cat;-;
top_CanPoum_act;-;
top_CanPoum_sur;-;
sup_CanPoum_cat;-;
top_CanPros_act;-;
top_CanPros_sur;-;
sup_CanPros_cat;-;
top_CanAutr_act;-;
top_CanAutr_sur;-;
sup_CanAutr_cat;-;
sup_CanAct_cat;-;
sup_CanSur_cat;-;
sup_Can_cat;-;
top_Psychos_ind;-;
top_PDepNev_ind;-;
sup_PTrBipo_ind;-;
sup_PTrDHum_ind;-;
sup_PTrNevr_ind;-;
top_PRetard_ind;-;
top_PAddict_ind;-;
sup_PAddAlc_ind;-;
sup_PAddTab_ind;-;
sup_PAddCan_ind;-;
sup_PAddAut_ind;-;
top_PTrEnfa_ind;-;
top_PsyAutr_ind;-;
sup_PsyPat_cat;-;
top_PAntiDe_med;-;
sup_PAntiDe_med_nnexclu;-;
top_PNeurol_med;-;
sup_PNeurol_med_nnexclu;-;
top_PAnxiol_med;-;
sup_PAnxiol_med_nnexclu;-;
top_PHypnot_med;-;
sup_PHypnot_med_nnexclu;-;
sup_PsyMed_cat;-;
sup_PsyMed_cat_nnexclu;-;
sup_Psy_cat;-;
top_NDemenc_ind;-;
sup_NDemAlz_ind;-;
sup_NDemAut_ind;-;
top_NParkin_ind;-;
sup_NDemPar_cat;-;
top_NSePlaq_ind;-;
top_NParapl_ind;-;
top_NMyoMya_ind;-;
top_NEpilep_ind;-;
top_NAutres_ind;-;
sup_Neuro_cat;-;
sup_NeuDeg_cat;-;
top_ABPCOIr_ind;-;
sup_ABPCOIr_ind_nnexclu;-;
top_IRCrRCH_ind;-;
top_IRPolyA_ind;-;
top_IRSponA_ind;-;
top_IRautre_ind;-;
sup_Inflam_cat;-;
top_IRMMHer_ind;-;
top_IRMuco_ind;-;
top_IRHemop_ind;-;
sup_IRHemop_ind_exclu;-;
sup_IRTrHemoSev_ind;-;
sup_Rares_cat;-;
top_IRVih_ind;-;
sup_InfRarVIH_cat;-;
top_RDialyse_ind;-;
sup_RHemDia_ind;-;
sup_RDiaPer_ind;-;
top_Rtrans_aig;-;
top_Rtrans_chr;-;
sup_RDiaCou_ind;-;
sup_RIRCT_cat;-;
top_HFoiPan_ind;-;
sup_HFoiPan_ind_nnexclu;-;
sup_HFoi_ind;-;
sup_HPan_ind;-;
top_ALDAutr_ind;-;
sup_ALDAutr_0_ind;-;
sup_ALDAutr_2_ind;-;
sup_ALDAutr_4_ind;-;
sup_ALDAutr_10_ind;-;
sup_ALDAutr_19_ind;-;
sup_ALDAutr_23_ind;-;
sup_ALDAutr_26_ind;-;
sup_ALDAutr_29_ind;-;
sup_ALDAutr_30_ind;-;
sup_ALDAutr_31_ind;-;
sup_ALDAutr_32_ind;-;
sup_Patho_cat_exclu;-;
sup_Patho_cat_nnexclu;-;
top_Materni_ind;-;
sup_Materni_ind_exclu;-;
sup_PatMat_cat;-;
sup_hospit_ponct;-;
sup_hospit_ponct_exclu;-;
sup_PatMatHos_cat;-;
sup_Petit_Conso;-;
sup_Arthros_med;-;
sup_AINS_med;-;
sup_Antalg_med;-;
sup_ACorti_med;-;
sup_Arthros_med_nnexclu;-;
sup_AINS_med_nnexclu;-;
sup_Antalg_med_nnexclu;-;
sup_ACorti_med_nnexclu;-;
sup_Petit_Conso_exclu;-;
sup_PopTot_cat;-;
version;-;
DTE_MOI_FIN;-;
DTE_ANN_TRT;-;
PFS_PFS_NUM;-;
TRT_SNI_COD;-;
IPP_IDV_NUM;-;
IPP_SEX_COD;-;
IPP_ANN_NAI;-;
CAI_NUM;-;
ACT_CAB_COD;-;
T733_CTR_NUM;-;
PFS_PRA_SPE;-;
CES_CES_COD;-;
PRA_MEP_COD;-;
CNV_CNV_COD;-;
PRA_IDP_DDP;-;
PRA_IDP_SAL;-;
EXC_EXC_NAT;-;
STA_PFS_NUM;-;
STA_CAI_NUM;-;
STA_CTR_NUM;-;
T733_STA_URC;-;
FIS_PFS_NUM;-;
FIS_CAI_NUM;-;
FIS_URC_COD;-;
PFS_ACP_DSD;-;
EXC_EFF_DSD;-;
EXC_FIN_MTF;-;
PFS_INS_DSD;-;
PRA_SAL_SPE1;-;
PRA_SAL_SPE2;-;
PRA_SAL_SPE3;-;
PRA_SAL_SPE4;-;
PRA_SAL_SPE5;-;
PRA_SAL_SPE6;-;
PRA_DIP_NBR;-;
PRA_SAL_NBR;-;
PFS_SPE_ANT;-;
PFS_AMB_NBR;-;
PFS_VSL_NBR;-;
PFS_TXI_NBR;-;
PRA_TOP_REF;-;
CAB_REF_DSD;-;
CAB_REF_DSF;-;
LAB_CAT_COD;-;
PRA_CIV_COD;-;
PFS_EXC_COM;-;
PFS_COD_POS;-;
PFS_LIB_COM;-;
PFS_FIN_NUM;-;
PFS_MAJ_DAT;-;
PFS_SCN_COD;-;
ACV_ACT;-;
ANP_ACT;-;
CDC_ACT;-;
CMP_DAT;-;
DOC_ACT;-;
ENT_DAT_DEL;-;
ETA_NUM;-;
EXT_PMSI;-;
MOD_ACT;-;
NBR_EXE_ACT;-;
PHA_ACT;-;
REM_EXP_ACT;-;
RSA_NUM;-;
RSS_NUM;-;
AGE_ANN;-;
AGE_GES;-;
AGE_JOU;-;
ANT_SUP_NBR;-;
AUT_PGV_NBR;-;
BDI_COD;-;
BDI_DEP;-;
BEB_SEJ;-;
BEH_NBJ;-;
CAI_SUP_NBR;-;
COD_SEX;-;
DEL_REG_ENT;-;
DGN_PAL;-;
DGN_REL;-;
DOS_TYP;-;
ENT_MOD;-;
ENT_PRV;-;
EXB_NBJ;-;
GHS_9615_ACT;-;
GHS_HS_INNOV;-;
GHS_NUM;-;
GRC_GHM;-;
GRC_RET;-;
GRC_VER;-;
GRG_GHM;-;
GRG_RET;-;
GRG_VER;-;
INNOV_NUM;-;
MACH_TYP_RAD;-;
NBR_ACT;-;
NBR_DGN;-;
NBR_RUM;-;
NBR_SEA;-;
NBR_SUP_NN1;-;
NBR_SUP_NN2;-;
NBR_SUP_NN3;-;
NBR_SUP_REA;-;
NBR_SUP_REP;-;
NBR_SUP_SOI;-;
NBR_SUP_SRC;-;
NBR_SUP_STF;-;
PAS_LIT_DED;-;
PLO_ACT;-;
POI_NAI;-;
RTH_SUP_NBR;-;
SEJ_COD_CONF;-;
SEJ_NBJ;-;
SEJ_TYP;-;
SEQ_RUM;-;
SOR_ANN;-;
SOR_DES;-;
SOR_MOD;-;
SOR_MOI;-;
SUP_ENT_DPA;-;
SUP_ENT_DPC;-;
SUP_ENT_HEM;-;
SUP_HEM_HS;-;
SUP_RAD_PED;-;
TAR_SEQ_NUM;-;
TOP_AVASTIN;-;
TOP_DEF_CARD;-;
TOP_GHS_MIN_SUS;-;
TOP_VLV_AOR;-;
TYP_GEN_RSA;-;
UHCD_TOP;-;
COH_NAI_RET;-;
COH_SEX_RET;-;
DAT_RET;-;
ENT_DAT;-;
ETA_NUM_RET;-;
FHO_RET;-;
FOR_NUM;-;
HOS_NN_MAM;-;
HOS_NNE_RET;-;
HOS_ORG_RET;-;
HOS_PLO;-;
NAI_RET;-;
NIR_ANO_17;-;
NIR_ANO_MAM;-;
NIR_RET;-;
NUM_DAT_AT;-;
NUM_DAT_AT_RET;-;
ORG_CPL_NUM;-;
ORG_CPL_NUM_RET;-;
PMS_RET;-;
RNG_BEN;-;
RNG_BEN_RET;-;
RNG_NAI;-;
RNG_NAI_RET;-;
SEJ_MER_RET;-;
SEJ_NUM;-;
SEJ_RET;-;
SEX_RET;-;
SOR_DAT;-;
VID_HOSP_FOR;-;
ASS_DGN;-;
DGN_ASS_NUM;-;
ANN;-;
ETA_NUM_ENT;-;
MOI;-;
NBR_PRS;-;
PRS_COD;-;
PRS_TYP;-;
DAT_POS_ANN;-;
DELAI;-;
LPP_COD;-;
MOI_POS;-;
NBR_POS;-;
NBR_POS_PRI;-;
ANN_TRT;-;
REG_ETA;-;
SOC_RAI;-;
STA_ETA;-;
VAL_ETA;-;
COD_CIV;-;
COD_PEC;-;
CON_TYP;-;
EXO_TM;-;
FAC_ETL;-;
GES_COD;-;
HON_AM_MNR;-;
HON_MNT;-;
HON_OC_MNR;-;
NAT_ASS;-;
NOE_RGM;-;
NUM_FAC;-;
OPE_NAT;-;
PAS_OC_MNT;-;
PAT_CMU;-;
PH_AMO_MNR;-;
PH_BRM;-;
PH_MNT;-;
PH_OC_MNR;-;
RSF_TYP;-;
TYP_ART;-;
ACT_COD;-;
ACT_COE;-;
ACT_NBR;-;
AMC_MNR;-;
AMO_MNR;-;
DEL_DAT_ENT;-;
FAC_MNT;-;
FJ_COD_PEC;-;
MCO_COE;-;
NOE_MNR;-;
NOE_OPE;-;
PRI_UNI;-;
PSH_DMT;-;
PSH_MDT;-;
REM_BAS;-;
REM_TAU;-;
TYP_FPI;-;
ACT_DNB;-;
EXE_SPE;-;
ACH_PRI;-;
COD_UCD;-;
COE_TAU;-;
ENT_ANN;-;
ENT_MOI;-;
FAC_TOT;-;
MNT_UNI_ECA;-;
QUA_COD;-;
TOT_MNT_ECA;-;
COD_LES;-;
ETB_NUM;-;
SEJ_FIN;-;
ANN_MOI;-;
NABM_COD;-;
CCAM_COD;-;
DENT_NUM_1;-;
DENT_NUM_10;-;
DENT_NUM_11;-;
DENT_NUM_12;-;
DENT_NUM_13;-;
DENT_NUM_14;-;
DENT_NUM_15;-;
DENT_NUM_16;-;
DENT_NUM_2;-;
DENT_NUM_3;-;
DENT_NUM_4;-;
DENT_NUM_5;-;
DENT_NUM_6;-;
DENT_NUM_7;-;
DENT_NUM_8;-;
DENT_NUM_9;-;
MOD_ACT1;-;
MOD_ACT2;-;
MOD_ACT3;-;
MOD_ACT4;-;
LPP_PRI_UNI;-;
LPP_PU_DEV;-;
LPP_QUA;-;
GHM_NUM;-;
GHS_THEO;-;
ANN_IVG_PREC;-;
NBR_IVG_ANT;-;
NBR_NAIS_ANT;-;
ADM_MOIS;-;
ADM_NBR;-;
ADM_NBR_PRI;-;
DAT_ADM_ANN;-;
INI_VAL_PRS;-;
NBR_SEJ;-;
TOP_UCD_AUTO;-;
ACH_PRI_ADM;-;
ADM_ANN;-;
DAT_DELAI;-;
SEJ_NBR;-;
ADM_PRI_ADM;-;
POS_ANN;-;
POS_MOI;-;
PRS_JOU_NBR;-;
SUP_PAY_NBR;-;
ANN_PO;-;
MOI_PO;-;
PO_COD;-;
BEN_CMU;-;
BEN_CMU_CTL;-;
CAI_GES;-;
CAI_GES_CTL;-;
CAI_NUM_CTL;-;
CENT_GES;-;
CENT_GES_CTL;-;
COD_PEC_CTL;-;
CTR_TYP;-;
CTR_TYP_CTL;-;
DAT_DEB_FAC;-;
DAT_DEB_FAC_CTL;-;
DAT_FIN_FAC;-;
DAT_FIN_FAC_CTL;-;
DAT_HOS;-;
DAT_HOS_CTL;-;
DAT_PEC;-;
DAT_PEC_CTL;-;
ENT_NUM;-;
ENT_NUM_CTL;-;
EXO_TM_CTL;-;
FAC_18E;-;
FAC_18E_CTL;-;
FAC_MNT_FJ;-;
FAC_MNT_FJ_CTL;-;
FAC_MNT_TM;-;
FAC_MNT_TM_CTL;-;
FAC_NBR_VEN;-;
FAC_SEJ_AM;-;
GES_COD_CTL;-;
ID_MAM_ENF;-;
MAJ_MNT_CTL;-;
MAJ_MNT_PS;-;
NAT_ASS_CTL;-;
NAT_PJ_DT;-;
NAT_PJ_DT_CTL;-;
NBR_VEN_CTL;-;
NOE_RGM_CTL;-;
NON_FAC_AM;-;
NON_FAC_AM_CTL;-;
PA_COD;-;
PA_COD_CTL;-;
PEC_SOI_URG;-;
PEC_SOI_URG_CTL;-;
REG_PEC_ASS;-;
REG_PEC_ASS_CTL;-;
REM_BAS_CTL;-;
REM_BAS_MNT;-;
REM_TAU_CTL;-;
SEJ_FAC_CTL;-;
TOP_ECL_FLX;-;
TOP_ECL_FLX_CTL;-;
TOT_MNT_AM;-;
TOT_MNT_AM_CTL;-;
TOT_MNT_AMC;-;
TOT_MNT_AMC_CTL;-;
RAC_MNT_PAT_CTL;-;
NBR_REJET_AMO_CTL;-;
FAC_AMO_DT_CTL;-;
FAC_AMC_DT_CTL;-;
FAC_RAC_DT_CTL;-;
PAI_AMO_DT_CTL;-;
PAI_AMC_DT_CTL;-;
PAI_RAC_DT_CTL;-;
VALID_FAC_AMO_CTL;-;
VALID_FAC_AMC_CTL;-;
VALID_FAC_RAC_CTL;-;
PAYS_ASS_PAT_CTL;-;
RAC_MNT_PAT;-;
NBR_REJET_AMO;-;
FAC_AMO_DT;-;
FAC_AMC_DT;-;
FAC_RAC_DT;-;
PAI_AMO_DT;-;
PAI_AMC_DT;-;
PAI_RAC_DT;-;
VALID_FAC_AMO;-;
VALID_FAC_AMC;-;
VALID_FAC_RAC;-;
PAYS_ASS_PAT;-;
ACT_RUM_NBR;-;
AUT_TYP1_UM;-;
AUT_TYP2_UM;-;
DGN_ASS_NBR;-;
ETA_NUM_GEO;-;
IGS2_COD;-;
PAR_DUR_SEJ;-;
SUP_TYP1_NAT;-;
SUP_TYP1_NBR;-;
SUP_TYP2_NAT;-;
SUP_TYP2_NBR;-;
UM_ORD_NUM;-;
AUT_TYP_PGV;-;
COEFGEO;-;
COEFPRUD;-;
COEFTRANS;-;
FLAG_FIDES;-;
GHS50;-;
MNT_18;-;
MNT_9610_AM;-;
MNT_9615_AM;-;
MNT_9619_AM;-;
MNT_9620_AM;-;
MNT_9621_AM;-;
MNT_9622_AM;-;
MNT_9623_AM;-;
MNT_9625_AM;-;
MNT_9631_AM;-;
MNT_9632_AM;-;
MNT_9633_AM;-;
MNT_ANT_AM;-;
MNT_CAISSON_AM;-;
MNT_DIP_AM;-;
MNT_DMI;-;
MNT_EXH_AM;-;
MNT_EXINF_AM;-;
MNT_FJ2;-;
MNT_GHS_AM;-;
MNT_GHS50_AM;-;
MNT_IVG_AM;-;
MNT_MAJO;-;
MNT_MED_ATU;-;
MNT_MON;-;
MNT_NN1_AM;-;
MNT_NN2_AM;-;
MNT_NN3_AM;-;
MNT_PO1_AM;-;
MNT_PO2_AM;-;
MNT_PO3_AM;-;
MNT_PO4_AM;-;
MNT_PO5_AM;-;
MNT_PO6_AM;-;
MNT_PO7_AM;-;
MNT_PO8_AM;-;
MNT_PO9_AM;-;
MNT_POA_AM;-;
MNT_RAC;-;
MNT_RAP_AM;-;
MNT_REA_AM;-;
MNT_REP_AM;-;
MNT_SC_AM;-;
MNT_SI_AM;-;
MNT_SUPPENT1_AM;-;
MNT_SUPPENT2_AM;-;
MNT_SUPPENT3_AM;-;
MNT_SUPPHD_AM;-;
MNT_TOT_AM;-;
NB_9610;-;
NB_9615;-;
NB_9619;-;
NB_9620;-;
NB_9621;-;
NB_9622;-;
NB_9623;-;
NB_9625;-;
NB_9631;-;
NB_9632;-;
NB_9633;-;
NB_ANT;-;
NB_DIP;-;
NB_NN1;-;
NB_NN2;-;
NB_NN3;-;
NB_RAP;-;
NB_SRC2;-;
NB_STF2;-;
NBCAISSON;-;
NBEXB;-;
NBEXH;-;
NBJREA;-;
NBREP;-;
PONDER;-;
SEJXINF;-;
SUPPENT1;-;
SUPPENT2;-;
SUPPENT3;-;
SUPPHD;-;
TAUX2;-;
TYPORG;-;
TYPORG5;-;
TYPORG6;-;
TYPORG7;-;
TYPORG8;-;
TYPORG9;-;
TYPORGA;-;
VALO;-;
MNT_GHS_BR;-;
MNT_EXINF_BR;-;
MNT_GHS50_BR;-;
MNT_EXH_BR;-;
MNT_SUPPHD_BR;-;
MNT_SUPPENT1_BR;-;
MNT_SUPPENT2_BR;-;
MNT_SUPPENT3_BR;-;
MNT_DIP_BR;-;
MNT_PO1_BR;-;
MNT_PO2_BR;-;
MNT_PO3_BR;-;
MNT_PO4_BR;-;
MNT_PO5_BR;-;
MNT_PO6_BR;-;
MNT_PO7_BR;-;
MNT_PO8_BR;-;
MNT_PO9_BR;-;
MNT_POA_BR;-;
MNT_9610_BR;-;
MNT_9619_BR;-;
MNT_9620_BR;-;
MNT_9621_BR;-;
MNT_9622_BR;-;
MNT_9623_BR;-;
MNT_9625_BR;-;
MNT_9631_BR;-;
MNT_9632_BR;-;
MNT_9633_BR;-;
MNT_9615_BR;-;
MNT_REA_BR;-;
MNT_REP_BR;-;
MNT_SI_BR;-;
MNT_SC_BR;-;
MNT_NN1_BR;-;
MNT_NN2_BR;-;
MNT_NN3_BR;-;
MNT_CAISSON_BR;-;
MNT_RAP_BR;-;
MNT_ANT_BR;-;
NB_SDC;-;
MNT_SDC_BR;-;
MNT_SDC_AM;-;
MNT_IVG_BR;-;
MNT_TOT_BR;-;
COEFREP;-;
GHS_SUP_COD;-;
NBR_SUP;-;
ENT_DAT_RET;-;
IAS_RET;-;
SEQ_NUM;-;
RAC_MNT_PAT_RET;-;
NBR_REJET_AMO_RET;-;
FAC_AMO_DT_RET;-;
FAC_AMC_DT_RET;-;
FAC_RAC_DT_RET;-;
PAI_AMO_DT_RET;-;
PAI_AMC_DT_RET;-;
PAI_RAC_DT_RET;-;
VALID_FAC_AMO_RET;-;
VALID_FAC_AMC_RET;-;
VALID_FAC_RAC_RET;-;
PAYS_ASS_PAT_RET;-;
FIDES_TOP;-;
NON_SEJ_FAC_AM;-;
PS_IND;-;
SEJ_FAC_AM;-;
COEF_MCO;-;
CONSULT_MIG;-;
ACH_PRU_TTC;-;
ECRT_IND_MNT;-;
ECRT_IND_MTU;-;
FRACT_COE;-;
QUA;-;
UCD_COD;-;
fides;-;
fides_ovalide;-;
mnt_br;-;
mnt_br_atu;-;
mnt_br_ccam;-;
mnt_br_dia;-;
mnt_br_dm_ext;-;
mnt_br_ffm;-;
mnt_br_ftn;-;
MNT_BR_MED_EXT;-;
mnt_br_ngap;-;
MNT_BR_PI;-;
mnt_br_se;-;
mnt_remb;-;
mnt_remb_atu;-;
mnt_remb_ccam;-;
mnt_remb_dia;-;
mnt_remb_dm_ext;-;
mnt_remb_ffm;-;
mnt_remb_ftn;-;
MNT_REMB_MED_EXT;-;
mnt_remb_ngap;-;
MNT_REMB_PI;-;
mnt_remb_se;-;
mnt_val;-;
mnt_val_atu;-;
mnt_val_ccam;-;
mnt_val_dia;-;
mnt_val_dm_ext;-;
mnt_val_ffm;-;
mnt_val_ftn;-;
MNT_VAL_MED_EXT;-;
mnt_val_ngap;-;
MNT_VAL_PI;-;
mnt_val_se;-;
nbligne;-;
pf18;-;
valo;-;
RHA_VER;-;
GEN_VER;-;
GRC_GME;-;
GRC_TOP_ERR;-;
GRG_GME;-;
GRG_TOP_ERR;-;
TYP_GEN_RHA;-;
RHA_NUM;-;
RHS_NUM;-;
RHS_ANT_SEJ_ENT;-;
MOI_ANN_SOR_SEJ;-;
HOS_TYP_UM;-;
AUT_TYP_UM;-;
DEB_SEM;-;
DEB_FIN;-;
SEJ_ANT;-;
MOI_ANN;-;
JP_HWE;-;
JP_WE;-;
ANC_CHI;-;
FP_PEC;-;
MOR_PRP;-;
ETL_AFF;-;
HAB_DEP;-;
DPL_DEP;-;
ALI_DEP;-;
CON_DEP;-;
CPT_DEP;-;
REL_DEP;-;
NBR_CSARR;-;
NBR_CCAM;-;
REHOS_PRJ_THP;-;
GMT_NUM;-;
EXB_TOP;-;
EXH_NBJ;-;
LIT_DEDIE;-;
SCORE_RR;-;
TYP_US;-;
MOI_LUN_1S;-;
ANN_LUN_1S;-;
CCAM_DEL_ENT_UM;-;
CCAM_ACT;-;
CCAM_PHA_ACT;-;
CCAM_COD_ACT;-;
CCAM_EXT_DOC;-;
CCAM_NBR_REA;-;
CCAM_VAL_DAT;-;
CSARR_COD;-;
APP_SUP;-;
MOD_LIEU;-;
MOD_PAT_1;-;
MOD_PAT_2;-;
TYP_INTERV;-;
CLAS_NBR_PAT_PS;-;
COMP_SEM;-;
ENT_DAT_DEL_UM;-;
NBR_PAT_INTERV;-;
NBR_INTERV;-;
EXT_DOC;-;
DGN_COD;-;
SUI_TYP;-;
PRE_JOU_NBR;-;
ACT_TYP;-;
NBR_MUT;-;
NBR_RHA;-;
NBR_GME;-;
COD_ERR;-;
RNG_NAI_CTL;-;
RNG_BEN_CTL;-;
NBR_JOU;-;
GME_COD;-;
MOIS;-;
COEF_SSR;-;
TYP_UNI_FON_C;-;
PAT_BEN_CMU;-;
ACT_DUR;-;
SOIN_ANN;-;
SOIN_MOI;-;
COD_UCP_CIP;-;
LPP_PRI_REF;-;
DEL_DEB_SSEQ;-;
ETA_NUM_EPMSI;-;
PHA_COD;-;
REAL_NBR;-;
RHAD_NUM;-;
SSEQ_NUM;-;
VAL_DAT_SSEQ;-;
AVQ_ALI;-;
AVQ_CON;-;
AVQ_CPT;-;
AVQ_HAB;-;
AVQ_LOC;-;
AVQ_REL;-;
COD_CONF;-;
DEP_COT;-;
ETA_NUM_ESMS;-;
FAC_NUM;-;
FIN_ANN_SEQ;-;
FIN_MOI_SEQ;-;
MOT_NFACT_AM;-;
NBR_DGN_MPA;-;
NBR_DGN_MPP;-;
PAT_TYP_DOM;-;
PEC_ASS;-;
PEC_MOD_ASSO1;-;
PEC_MOD_ASSO2;-;
PEC_MOD_ASSO3;-;
PEC_MOD_ASSO4;-;
PEC_MOD_ASSO5;-;
PEC_PAL;-;
RAPSS_NUM;-;
SEJ_FACT_AM;-;
SEQ_DER;-;
SEQ_NBJ;-;
SEQ_SEJ_NBJ;-;
SOR_ANN_SSEQ;-;
SOR_MOI_SSEQ;-;
SSEQ_NBJ;-;
SSEQ_SEJ_DER;-;
SSEQ_SEQ_DER;-;
SSEQ_SEQ_NBJ;-;
ETA_NUM_ePMSI;-;
format;-;
vid_hosp_for;-;
DGN_ASS_MPP;-;
DGN_ASS_MPA;-;
DGN_ASS;-;
GHT_NBJ;-;
GHT_NUM;-;
GRE_GRP_ETB;-;
GRE_GRP_GHPC;-;
GRE_GRP_RET;-;
GRE_RPPS_VER;-;
PAP_GRP_GHPC;-;
PAP_GRP_RET;-;
PAP_GRP_VER;-;
SEQ_SEJ;-;
GRG_COD_CTL;-;
TYP_CTR_CTL;-;
MNF_AM_CTL;-;
PAT_CMU_CTL;-;
GRG_COD;-;
TYP_CTR;-;
MNF_AM;-;
HAD_DUREE;-;
SEJ_FINI;-;
SEJ_ERR;-;
CMU_BEN_PAT;-;
HAD_COE;-;
ACT_ANN;-;
ACT_MOI;-;
ACT_DAT_COMP;-;
DAT_DEB_CON;-;
DAT_FIN_CON;-;
FFT_COD;-;
FIC_TYP;-;
ETA_TYP_ESMS;-;
FOR_NUM_ORI;-;
ETA_NUM_TWO;-;
IPP_IRR_CRY;-;
SEJ_IDT;-;
FOR_ACT;-;
SEC_NUM;-;
MOD_SOI;-;
ORD_NUM;-;
RAL_ACT_MOI;-;
RAL_ACT_ANN;-;
ACT_NAT;-;
ACT_LIEU;-;
PRO_CAT;-;
INT_NBR;-;
ANO_IND;-;
ACT_LIB_IND;-;
ETB_SAN_AUTOR;-;
RIP_NUM;-;
SEQ_IND;-;
SEQ_SEQ_NUM;-;
DEL_DAT;-;
SEQ_PRE_IND;-;
SEQ_DER_IND;-;
SEQ_FIN_MOI;-;
SEQ_FIN_ANN;-;
SEQ_COU_NBJ;-;
PRE_JOU_NBJ;-;
PRE_DEM_JOU_NBJ;-;
THE_ISO_NBJ;-;
SCO_DEP_HAB;-;
SCO_DEP_DPL;-;
SCO_DEP_ALI;-;
SCO_DEP_CON;-;
SCO_DEP_CPT;-;
SCO_DEP_COM;-;
THE_MS_IND;-;
FOR_NUM_HOSP;-;
SEJ_DUREE;-;
HOS_TYP;-;
SEJ_DUR;-;
RIP_COE;-;
ANN_DEB;-;
MOI_DEB;-;
ANN_FIN;-;
MOI_FIN;-;
TYP_ISO_CONT;-;
MES_ORD_NUM;-;
MES_REP_TPS;-;
MES_INDIC;-;
MES_DUREE;-;
DCD_IDT_ENC;-;
DCD_IDT_TOP;-;
FLX_PER_ANN;-;
CER_VER_NUM;-;
TRT_STA_COD;-;
TYP_CER_COD;-;
CER_SUP_TYP;-;
TYP_VOL_COD;-;
DCD_DPT_COD;-;
DCD_COM_CO;-;
DCD_LIE_COD;-;
PFV_ACP_COD;-;
CAT_PCS_COD;-;
ETA_MAR_COD;-;
DCD_CIM_COD;-;
DCD_CAU_COD;-;
DCD_GRS_COD;-;
DCD_GRS_DEL;-;
DCD_LIE_LIB;-;
DCD_ATT_COD;-;
NEO_APG_SCO;-;
NEO_GES_AGE;-;
NEO_NAI_POI;-;
RNG_NAI_TYP;-;
GRS_ORD_NU;-;
ACC_LIA_COD;-;
ACC_PST_COD;-;
ACC_DEB_COD;-;
MOD_ACC_COD;-;
HOS_TRF_TOP;-;
MER_NAI_ANN;-;
MER_PFS_COD;-;
MER_PFG_LIB;-;
MER_MAR_CO;-;
MER_SIT_TOP;-;
TOT_GRS_NBR;-;
TOT_ACC_NBR;-;
PER_PFS_COD;-;
PER_PFG_LIB;-;
CER_LIG_NUM;-;
ECD_CAU_RNG;-;
ECD_CAU_LIB;-;
ECD_CIM_COD;-;
